INSERT INTO maps (id, name) VALUES (1, "Santa Clara"), (2, "Guadalajara"), (3, "London"), (4, "Stockholm"), (5, "Dallas");

INSERT INTO sections (id, name, map_id, xpos, ypos, width, height) VALUES
    (1, "Engineering", 1, 10, 10, 1550, 400),
    (2, "Walkway", 1, 10, 410, 1550, 440),
    (3, "Business", 1, 10, 850, 1550, 240),
    (4, "GDL Part 1", 2, 10, 10, 300, 500),
    (5, "GDL Part 2", 2, 10, 310, 200, 400),
    (6, "London Office", 3, 510, 10, 600, 1000),
    (7, "Dallas Office", 5, 10, 10, 450, 670),
    (8, "Kitchen", 1, 1560, 300, 1000, 790),
    (9, "Lobby", 1, 1560, 1090, 1000, 470),
    (10, "London East Wing", 3, 10, 170, 500, 500),
    (11, "London West Wing", 3, 1110, 170, 500, 500);

INSERT INTO users (id, name, desk_id, email, thumbnail_url, gplus_id, admin) VALUES
  (1, "Michael Len", 1, "michael.len@ooyala.com", "https://plus.google.com/_/focus/photos/public/AIbEiAIAAABECNn4_9WI4pz-nwEiC3ZjYXJkX3Bob3RvKigwMWJlMmFjZjk2YWFlMzkyODQ1MmZmYzc4OTQ1ZTQ0Y2UzMDM1MWRjMAHNy1tiC-4vJNOiL2aadmRRetRhNw", 111528215661046135897, 1),
  (2, "Evan Danaher", 3, "edanaher@ooyala.com", "https://plus.google.com/_/focus/photos/public/AIbEiAIAAABECK_gsp7dy8m9rgEiC3ZjYXJkX3Bob3RvKig1NDg4OWY0MGRhMmVhY2JlMWQxYjIzZDhhODEwYmRiYjRlOWY0YTE2MAHOrq89PJK7IN_axRHXyfdI2l9EYw", 112572684969162092591, 1),
  (3, "Dustin Preuss", 2, "dustin@ooyala.com", "https://plus.google.com/_/focus/photos/private/AIbEiAIAAABDCOflwJPz89jUCiILdmNhcmRfcGhvdG8qKDJiODcxOWU0OWRjYzNkODBlYzQ3OWE0ZjA3ZGZhNmVlYThjMjY1NzQwAVbjtYb5KNg9HaM3FMlxZtTKGtkm", 100768254746840543975, 1),
  (4, "Gone McLeaverson", 5, "gone@ooyala.com", "", 11111, 0),
  (5, "Aanal Bhatt", 6, "aanalbhatt@ooyala.com", "https://plus.google.com/_/focus/photos/public/AIbEiAIAAABECKT4mvKzvrbQrQEiC3ZjYXJkX3Bob3RvKigzY2I1ZmRjODI5MTBhOWRiNGM4MDJjZGEwY2YxYzU2ZDhlYWRhNmI1MAGXXraqMI1ApYCU3KX1M_6NJy5zsw", 112511239403580341284, 0),
  (6, "Aaron Carr", 7, "aaronc@ooyala.com", NULL, 105266251472533597991, 0),
  (7, "Abel Rios", 36, "abelrios@ooyala.com", "https://plus.google.com/_/focus/photos/public/AIbEiAIAAABDCNmJl4Cunf-aSyILdmNhcmRfcGhvdG8qKDg3OWJlZDY2MWZlNTU5YmNjYTBhYzMxMWFhM2RjM2UyOGRiMmVmNmMwAYqy3f5l36WA_z-rEcMkNEEGpaoN",105419515812321281241, 0);

INSERT INTO rooms (id, name, section_id, xpos, ypos, width, height, tv, phone, chromecast, seats) VALUES
  (9, "Telstra1", 1, 0, 0, 120,120, 1, 1, 1, 4),
  (10, "Telstra2", 1, 0, 120, 120,120, 1, 1, 1, 4),

  (1, "Shawshank Redemption", 1, 390, 60, 70, 70, 1, 1, 1, 4),
  (2, "Gattaca", 1, 460, 60, 70, 70, 1, 1, 1, 4),

  (3, "Men In Black", 1, 700, 200, 50, 60, 1, 1, 1, 4),
  (4, "Time Bandits", 1, 750, 200, 50, 60, 1, 1, 1, 1),
  (5, "Playback Lab", 1, 700, 260, 100, 70, 1, 1, 1, 4),
  (6, "Wrath Of Khan", 1, 700, 330, 100, 70, 1, 1, 1, 4),
  (7, "The Matrix", 1, 800, 200, 120, 100, 1, 1, 1, 10),
  (8, "Avatar", 1, 800, 300, 120, 100, 1, 1, 1, 10),
  (11, "Return of the Jedi", 1, 920, 200, 50, 60, 1, 1, 1, 1),
  (12, "The Empire Strikes Back", 1, 970, 200, 50, 60, 1, 1, 1, 1),
  (13, "Best in Show", 1, 920, 260, 100, 70, 1, 1, 1, 4),
  (14, "Aliens", 1, 920, 330, 100, 70, 1, 1, 1, 4),

  (15, "Boogie Nights", 1, 1120, 60, 70, 70, 1, 1, 1, 4),
  (16, "Inception", 1, 1190, 60, 70, 70, 1, 1, 1, 4),


  (17, "Risky Business", 2, 280, 320, 70, 80, 1, 1, 1, 4),
  (18, "Fight Club", 2, 350, 320, 100, 80, 1, 1, 1, 6),
  (19, "Mission Impossible", 2, 450, 320, 100, 80, 1, 1, 1, 6),
  (20, "Jerry Maguire", 2, 550, 320, 70, 80, 1, 1, 1, 4),

  (21, "Live and Let Die", 2, 660, 90, 50, 50, 1, 1, 1, 1),
  (22, "Thunderball", 2, 660, 140, 50, 50, 1, 1, 1, 1),
  (23, "Dr. No", 2, 660, 190, 50, 50, 1, 1, 1, 1),
  (24, "Casino Royale", 2, 660, 240, 50, 80, 1, 1, 1, 2),
  (25, "Cats and Dogs", 2, 660, 320, 50, 80, 1, 1, 1, 2),
  (26, "Good Will Hunting", 2, 710, 90, 100, 150, 1, 1, 1, 10),
  (27, "Up", 2, 710, 240, 100, 160, 1, 1, 1, 8),

  (28, "Sideways", 2, 930, 90, 100, 160, 1, 1, 1, 8),
  (29, "Caddyshack", 2, 930, 240, 100, 160, 1, 1, 1, 10),
  (30, "For Your Eyes Only", 2, 1030, 90, 50, 50, 1, 1, 1, 1),
  (31, "Skyfall", 2, 1030, 140, 50, 50, 1, 1, 1, 1),
  (32, "License to Kill", 2, 1030, 190, 50, 50, 1, 1, 1, 1),
  (33, "Moonraker", 2, 1030, 240, 50, 80, 1, 1, 1, 2),
  (34, "The Spy Who Loved Me", 2, 1030, 320, 50, 80, 1, 1, 1, 2),

  (35, "Limitless", 2, 1120, 90, 100, 100, 1, 1, 1, 4),
  (36, "Moneyball", 2, 1120, 300, 100, 100, 1, 1, 1, 7),

  (37, "Great Race", 2, 1310, 90, 100, 100, 1, 1, 1, 5),
  (38, "Turner and Hooch", 2, 1310, 190, 100, 110, 1, 1, 1, 5),
  (39, "The Firm", 2, 1310, 300, 100, 100, 1, 1, 1, 7),

  (40, "The Lost Boys", 2, 1450, 270, 100, 130, 1, 1, 1, 10),


  (41, "Pulp Fiction", 8, 0, 420, 100, 90, 1, 1, 1, 6),

  (42, "Goodfellas", 8, 140, 200, 150, 90, 1, 1, 1, 6),
  (43, "The NeverEnding Story", 8, 280, 430, 90, 140, 1, 1, 1, 6),

  (44, "The Shining", 8, 140, 610, 70, 80, 1, 1, 1, 4),
  (45, "Say Anything", 8, 210, 610, 70, 80, 1, 1, 1, 4),
  (46, "Rear Window", 8, 140, 690, 140, 90, 1, 1, 1, 8),
  (47, "Jumanji", 8, 570, 610, 70, 80, 1, 1, 1, 4),
  (48, "Fargo", 8, 570, 690, 70, 90, 1, 1, 1, 4),

  (49, "Cocoon", 8, 00, 640, 100, 100, 1, 1, 1, 6),

  (50, "Blazing Saddles", 3, 1420, 40, 100, 100, 1, 1, 1, 6),


  (51, "Trading Places", 9, 0, 40, 100, 100, 1, 1, 1, 8),
  (52, "Boiler Room", 9, 0, 140, 100, 100, 1, 1, 1, 8),
  (53, "Starsky and Hutch", 9, 0, 240, 100, 100, 1, 1, 1, 8),

  (54, "Little Miss Sunshine", 9, 130, 340, 200, 130, 1, 1, 1, 16),
  (55, "Zamba", 9, 600, 340, 400, 130, 1, 1, 1, 22),
  (56, "Louise", 9, 760, 40, 240, 150, 1, 1, 1, 16),
  (57, "Thelma", 9, 760, 190, 240, 150, 1, 1, 1, 16),
  (58, "Phone 1", 7, 360, 140, 90, 60, 0, 1, 0, 2),
  (59, "Phone 2", 7, 360, 200, 90, 60, 0, 1, 0, 2),
  (60, "Conference 1", 7, 360, 200, 90, 110, 1, 1, 1, 5),
  (61, "Conference 2", 7, 360, 310, 90, 110, 1, 1, 1, 5),
  (62, "Conference 3(Big)", 7, 360, 420, 90, 180, 1, 1, 1, 12);

INSERT INTO places (id, name, description, section_id, xpos, ypos, width, height) VALUES
  (1, "Secondary kitchen", "Where we eat", 2, 200, 80, 100, 180),
  (2, "Women's restroom", "Where baths eat", 2, 300, 80, 80, 180),
  (3, "Men's restroom", "Where baths eat", 2, 380, 80, 80, 180),
  (4, "Telco Closet", "Where phones eat", 2, 460, 80, 80, 100),
  (5, "Mother's Room", "", 2, 460, 180, 80, 80),
  (6, "Electrical", "", 2, 540, 90, 80, 90),
  (7, "Print/Copy", "", 2, 540, 180, 80, 80),

  (8, "Small Meetings", "", 2, 1120, 190, 100, 110),
  (9, "Workroom", "", 2, 1220, 90, 60, 100),
  (10, "Storage", "", 2, 1280, 90, 40, 100),
  (11, "Legal/Finance/HR Storage", "", 2, 1220, 190, 100, 210),

  (12, "Electrical", "", 2, 1450, 90, 100, 90),
  (13, "Print/Copy", "", 2, 1450, 180, 70, 90),
  (14, "Electrical", "", 2, 1520, 180, 30, 90),

  (15, "Loading dock", "", 8, 0, 0, 100, 100),
  (16, "Facilities storage", "", 8, 100, 0, 250, 100),
  (17, "Control room", "", 8, 390, 0, 150, 30),

  (18, "Zen room", "", 8, 0, 200, 100, 100),
  (19, "Empty room?", "", 8, 0, 340, 100, 80),

  (20, "Storage", "", 8, 290, 200, 50, 90),
  (21, "IT Storage", "", 8, 140, 290, 90, 140),
  (22, "Server Room", "", 8, 230, 290, 140, 140),
  (23, "Video Studio", "", 8, 140, 430, 140, 140),
  (24, "Women's restroom", "", 8, 370, 290, 90, 280),
  (25, "Men's restroom", "", 8, 460, 290, 90, 280),
  (26, "Electrical", "", 8, 550, 410, 90, 80),
  (27, "Mother's Room", "", 8, 550, 490, 90, 80),

  (28, "Empty room?", "", 8, 280, 610, 100, 170),
  (29, "Empty room?", "", 8, 380, 610, 100, 170),
  (30, "Empty room?", "", 8, 470, 610, 100, 170),

  (31, "Gym", "", 8, 730, 480, 270, 130),
  (32, "Game Room", "", 8, 730, 610, 270, 130),

  (33, "Coffee Bar", "", 9, 0, 340, 130, 130),
  (34, "Dallas Office Stairs", "",7, 0, 335, 250, 100),
  (35, "Kitchen Area", "",7, 250, 280, 80, 150),
  (36, "Reception","", 7, 250, 505, 80, 150);

INSERT INTO desk_groups (id, name, section_id, xpos, ypos, rotation) VALUES
  (2, NULL, 1, 140, 10, 0),
  (5, NULL, 1, 140, 150, 0),


  (1, NULL, 1, 250, 10, 0),
  (12, NULL, 1, 250, 150, 0),
  (3, NULL, 1, 340, 10, 0),
  (4, NULL, 1, 340, 150, 0),
  (13, NULL, 1, 440, 150, 0),
  (14, NULL, 1, 540, 150, 0),

  (16, NULL, 1, 560, 10, 0),
  (17, NULL, 1, 650, 10, 0),
  (18, NULL, 1, 740, 10, 0),
  (19, NULL, 1, 830, 10, 0),

  (20, NULL, 1, 1090, 160, 0),
  (21, NULL, 1, 1090, 310, 0),
  (22, NULL, 1, 1180, 160, 0),
  (23, NULL, 1, 1180, 310, 0),

  (24, NULL, 1, 1280, 310, 0),
  (25, NULL, 1, 1280, 10, 0),

  (26, NULL, 1, 1370, 10, 0),
  (27, NULL, 1, 1370, 160, 0),
  (28, NULL, 1, 1370, 310, 0),

  (29, NULL, 1, 1460, 10, 0),
  (30, NULL, 1, 1460, 150, 0),

  (31, NULL, 3, 40, 20, 45),
  (32, NULL, 3, 160, 20, 45),
  (33, NULL, 3, 40, 140, 45),
  (34, NULL, 3, 180, 110, 45),
  (35, NULL, 3, 300, 110, 45),

  (36, NULL, 3, 440, 20, -45),
  (37, NULL, 3, 560, 20, -45),
  (38, NULL, 3, 680, 20, -45),
  (39, NULL, 3, 420, 110, -45),
  (40, NULL, 3, 660, 110, -45),

  (41, NULL, 3, 820, 110, 45),
  (42, NULL, 3, 880, 20, -45),
  (43, NULL, 3, 1000, 20, -45),
  (44, NULL, 3, 1080, 110, 45),

  (45, NULL, 3, 1160, 20, -45),
  (46, NULL, 3, 1270, 20, -45),
  (47, NULL, 3, 1210, 110, 45),
  (48, NULL, 3, 1320, 110, 45),


  (6, NULL, 7, 30, 0, 0),
  (7, NULL, 7, 130, 0, 0),
  (8, NULL, 7, 235, 0, 0),
  (9, NULL, 7, 330, 0, 0),
  (10, NULL, 7, 30, 215, 0),
  (11, NULL, 7, 150, 215, 0),


  (999, NULL, 0, 0, 0, 0);

INSERT INTO desks (name, desk_group_id, xpos, ypos, width, height, rotation) VALUES
  (NULL, 1, 0, 0, 20, 40, 0),
  (NULL, 1, 0, 40, 20, 40, 0),
  (NULL, 1, 0, 80, 20, 40, 0),
  (NULL, 1, 20, 0, 20, 40, 0),
  (NULL, 1, 20, 40, 20, 40, 0),
  (NULL, 1, 20, 80, 20, 40, 0),
  (NULL, 2, 0, 0, 20, 40, 0),
  (NULL, 2, 0, 40, 20, 40, 0),
  (NULL, 2, 0, 80, 20, 40, 0),
  (NULL, 2, 20, 0, 20, 40, 0),
  (NULL, 2, 20, 40, 20, 40, 0),
  (NULL, 2, 20, 80, 20, 40, 0),
  (NULL, 3, 0, 0, 20, 40, 0),
  (NULL, 3, 0, 40, 20, 40, 0),
  (NULL, 3, 0, 80, 20, 40, 0),
  (NULL, 4, 0, 0, 20, 40, 0),
  (NULL, 4, 0, 40, 20, 40, 0),
  (NULL, 4, 0, 80, 20, 40, 0),
  (NULL, 4, 0, 120, 20, 40, 0),
  (NULL, 4, 0, 160, 20, 40, 0),
  (NULL, 4, 0, 200, 20, 40, 0),
  (NULL, 4, 20, 0, 20, 40, 0),
  (NULL, 4, 20, 40, 20, 40, 0),
  (NULL, 4, 20, 80, 20, 40, 0),
  (NULL, 4, 20, 120, 20, 40, 0),
  (NULL, 4, 20, 160, 20, 40, 0),
  (NULL, 4, 20, 200, 20, 40, 0),
  (NULL, 5, 0, 0, 20, 40, 0),
  (NULL, 5, 0, 40, 20, 40, 0),
  (NULL, 5, 0, 80, 20, 40, 0),
  (NULL, 5, 0, 120, 20, 40, 0),
  (NULL, 5, 0, 160, 20, 40, 0),
  (NULL, 5, 0, 200, 20, 40, 0),
  (NULL, 5, 20, 0, 20, 40, 0),
  (NULL, 5, 20, 40, 20, 40, 0),
  (NULL, 5, 20, 80, 20, 40, 0),
  (NULL, 5, 20, 120, 20, 40, 0),
  (NULL, 5, 20, 160, 20, 40, 0),
  (NULL, 5, 20, 200, 20, 40, 0),
  (NULL, 6, 0, 0, 20, 40, 0),
  (NULL, 6, 0, 40, 20, 40, 0),
  (NULL, 6, 0, 80, 20, 40, 0),
  (NULL, 6, 0, 120, 20, 40, 0),
  (NULL, 6, 20, 0, 20, 40, 0),
  (NULL, 6, 20, 40, 20, 40, 0),
  (NULL, 6, 20, 80, 20, 40, 0),
  (NULL, 6, 20, 120, 20, 40, 0),
  (NULL, 7, 0, 0, 20, 40, 0),
  (NULL, 7, 0, 40, 20, 40, 0),
  (NULL, 7, 0, 80, 20, 40, 0),
  (NULL, 7, 0, 120, 20, 40, 0),
  (NULL, 7, 20, 0, 20, 40, 0),
  (NULL, 7, 20, 40, 20, 40, 0),
  (NULL, 7, 20, 80, 20, 40, 0),
  (NULL, 7, 20, 120, 20, 40, 0),
  (NULL, 8, 0, 0, 20, 40, 0),
  (NULL, 8, 0, 40, 20, 40, 0),
  (NULL, 8, 0, 80, 20, 40, 0),
  (NULL, 8, 20, 0, 20, 40, 0),
  (NULL, 8, 20, 40, 20, 40, 0),
  (NULL, 8, 20, 80, 20, 40, 0),
  (NULL, 9, 0, 0, 20, 40, 0),
  (NULL, 9, 0, 40, 20, 40, 0),
  (NULL, 9, 20, 0, 20, 40, 0),
  (NULL, 9, 20, 40, 20, 40, 0),
  (NULL, 10, 0, 0, 20, 40, 0),
  (NULL, 10, 0, 40, 20, 40, 0),
  (NULL, 10, 0, 80, 20, 40, 0),
  (NULL, 10, 20, 0, 20, 40, 0),
  (NULL, 10, 20, 40, 20, 40, 0),
  (NULL, 10, 20, 80, 20, 40, 0),
  (NULL, 11, 0, 0, 20, 30, 0),
  (NULL, 11, 0, 30, 20, 30, 0),
  (NULL, 11, 0, 60, 20, 40, 0),
  (NULL, 12, 0, 0, 20, 40, 0),
  (NULL, 12, 0, 40, 20, 40, 0),
  (NULL, 12, 0, 80, 20, 40, 0),
  (NULL, 12, 0, 120, 20, 40, 0),
  (NULL, 12, 0, 160, 20, 40, 0),
  (NULL, 12, 0, 200, 20, 40, 0),
  (NULL, 12, 20, 0, 20, 40, 0),
  (NULL, 12, 20, 40, 20, 40, 0),
  (NULL, 12, 20, 80, 20, 40, 0),
  (NULL, 12, 20, 120, 20, 40, 0),
  (NULL, 12, 20, 160, 20, 40, 0),
  (NULL, 12, 20, 200, 20, 40, 0),
  (NULL, 13, 0, 0, 20, 40, 0),
  (NULL, 13, 0, 40, 20, 40, 0),
  (NULL, 13, 0, 80, 20, 40, 0),
  (NULL, 13, 0, 120, 20, 40, 0),
  (NULL, 13, 0, 160, 20, 40, 0),
  (NULL, 13, 0, 200, 20, 40, 0),
  (NULL, 13, 20, 0, 20, 40, 0),
  (NULL, 13, 20, 40, 20, 40, 0),
  (NULL, 13, 20, 80, 20, 40, 0),
  (NULL, 13, 20, 120, 20, 40, 0),
  (NULL, 13, 20, 160, 20, 40, 0),
  (NULL, 13, 20, 200, 20, 40, 0),
  (NULL, 14, 0, 0, 20, 40, 0),
  (NULL, 14, 0, 40, 20, 40, 0),
  (NULL, 14, 0, 80, 20, 40, 0),
  (NULL, 14, 0, 120, 20, 40, 0),
  (NULL, 14, 0, 160, 20, 40, 0),
  (NULL, 14, 0, 200, 20, 40, 0),
  (NULL, 14, 20, 0, 20, 40, 0),
  (NULL, 14, 20, 40, 20, 40, 0),
  (NULL, 14, 20, 80, 20, 40, 0),
  (NULL, 14, 20, 120, 20, 40, 0),
  (NULL, 14, 20, 160, 20, 40, 0),
  (NULL, 14, 20, 200, 20, 40, 0),
  (NULL, 15, 0, 0, 20, 40, 0),
  (NULL, 15, 0, 40, 20, 40, 0),
  (NULL, 15, 0, 80, 20, 40, 0),
  (NULL, 15, 0, 120, 20, 40, 0),
  (NULL, 15, 0, 160, 20, 40, 0),
  (NULL, 15, 0, 200, 20, 40, 0),
  (NULL, 15, 20, 0, 20, 40, 0),
  (NULL, 15, 20, 40, 20, 40, 0),
  (NULL, 15, 20, 80, 20, 40, 0),
  (NULL, 15, 20, 120, 20, 40, 0),
  (NULL, 15, 20, 160, 20, 40, 0),
  (NULL, 15, 20, 200, 20, 40, 0),
  (NULL, 16, 0, 0, 20, 40, 0),
  (NULL, 16, 0, 40, 20, 40, 0),
  (NULL, 16, 0, 80, 20, 40, 0),
  (NULL, 17, 0, 0, 20, 40, 0),
  (NULL, 17, 0, 40, 20, 40, 0),
  (NULL, 17, 0, 80, 20, 40, 0),
  (NULL, 17, 20, 0, 20, 40, 0),
  (NULL, 17, 20, 40, 20, 40, 0),
  (NULL, 17, 20, 80, 20, 40, 0),
  (NULL, 18, 0, 0, 20, 40, 0),
  (NULL, 18, 0, 40, 20, 40, 0),
  (NULL, 18, 0, 80, 20, 40, 0),
  (NULL, 18, 20, 0, 20, 40, 0),
  (NULL, 18, 20, 40, 20, 40, 0),
  (NULL, 18, 20, 80, 20, 40, 0),
  (NULL, 19, 0, 0, 20, 40, 0),
  (NULL, 19, 0, 40, 20, 40, 0),
  (NULL, 19, 0, 80, 20, 40, 0),
  (NULL, 19, 20, 0, 20, 40, 0),
  (NULL, 19, 20, 40, 20, 40, 0),
  (NULL, 19, 20, 80, 20, 40, 0),
  (NULL, 20, 0, 0, 20, 40, 0),
  (NULL, 20, 0, 40, 20, 40, 0),
  (NULL, 20, 0, 80, 20, 40, 0),
  (NULL, 20, 20, 0, 20, 40, 0),
  (NULL, 20, 20, 40, 20, 40, 0),
  (NULL, 20, 20, 80, 20, 40, 0),
  (NULL, 21, 0, 0, 20, 40, 0),
  (NULL, 21, 0, 40, 20, 40, 0),
  (NULL, 21, 20, 0, 20, 40, 0),
  (NULL, 21, 20, 40, 20, 40, 0),
  (NULL, 22, 0, 0, 20, 40, 0),
  (NULL, 22, 0, 40, 20, 40, 0),
  (NULL, 22, 0, 80, 20, 40, 0),
  (NULL, 22, 20, 0, 20, 40, 0),
  (NULL, 22, 20, 40, 20, 40, 0),
  (NULL, 22, 20, 80, 20, 40, 0),
  (NULL, 23, 0, 0, 20, 40, 0),
  (NULL, 23, 0, 40, 20, 40, 0),
  (NULL, 23, 20, 0, 20, 40, 0),
  (NULL, 23, 20, 40, 20, 40, 0),
  (NULL, 24, 0, 0, 20, 40, 0),
  (NULL, 24, 0, 40, 20, 40, 0),
  (NULL, 24, 20, 0, 20, 40, 0),
  (NULL, 24, 20, 40, 20, 40, 0),
  (NULL, 25, 0, 0, 20, 40, 0),
  (NULL, 25, 0, 40, 20, 40, 0),
  (NULL, 25, 0, 80, 20, 40, 0),
  (NULL, 25, 20, 0, 20, 40, 0),
  (NULL, 25, 20, 40, 20, 40, 0),
  (NULL, 25, 20, 80, 20, 40, 0),
  (NULL, 26, 0, 0, 20, 40, 0),
  (NULL, 26, 0, 40, 20, 40, 0),
  (NULL, 26, 0, 80, 20, 40, 0),
  (NULL, 26, 20, 0, 20, 40, 0),
  (NULL, 26, 20, 40, 20, 40, 0),
  (NULL, 26, 20, 80, 20, 40, 0),
  (NULL, 27, 0, 0, 20, 40, 0),
  (NULL, 27, 0, 40, 20, 40, 0),
  (NULL, 27, 0, 80, 20, 40, 0),
  (NULL, 27, 20, 0, 20, 40, 0),
  (NULL, 27, 20, 40, 20, 40, 0),
  (NULL, 27, 20, 80, 20, 40, 0),
  (NULL, 28, 0, 0, 20, 40, 0),
  (NULL, 28, 0, 40, 20, 40, 0),
  (NULL, 28, 20, 0, 20, 40, 0),
  (NULL, 28, 20, 40, 20, 40, 0),
  (NULL, 29, 0, 0, 20, 40, 0),
  (NULL, 29, 0, 40, 20, 40, 0),
  (NULL, 29, 0, 80, 20, 40, 0),
  (NULL, 29, 20, 0, 20, 40, 0),
  (NULL, 29, 20, 40, 20, 40, 0),
  (NULL, 29, 20, 80, 20, 40, 0),
  (NULL, 30, 0, 0, 20, 40, 0),
  (NULL, 30, 0, 40, 20, 40, 0),
  (NULL, 30, 0, 80, 20, 40, 0),
  (NULL, 30, 0, 120, 20, 40, 0),
  (NULL, 30, 0, 160, 20, 40, 0),
  (NULL, 30, 0, 200, 20, 40, 0),
  (NULL, 30, 20, 0, 20, 40, 0),
  (NULL, 30, 20, 40, 20, 40, 0),
  (NULL, 30, 20, 80, 20, 40, 0),
  (NULL, 30, 20, 120, 20, 40, 0),
  (NULL, 30, 20, 160, 20, 40, 0),
  (NULL, 30, 20, 200, 20, 40, 0),

  (NULL, 31, 0, 0, 20, 40, 0),
  (NULL, 31, 0, 40, 20, 40, 0),
  (NULL, 31, 0, 80, 20, 40, 0),
  (NULL, 31, 20, 0, 20, 40, 0),
  (NULL, 31, 20, 40, 20, 40, 0),
  (NULL, 31, 20, 80, 20, 40, 0),
  (NULL, 32, 0, 0, 20, 40, 0),
  (NULL, 32, 0, 40, 20, 40, 0),
  (NULL, 32, 0, 80, 20, 40, 0),
  (NULL, 32, 20, 0, 20, 40, 0),
  (NULL, 32, 20, 40, 20, 40, 0),
  (NULL, 32, 20, 80, 20, 40, 0),
  (NULL, 33, 0, 0, 20, 40, 0),
  (NULL, 33, 0, 40, 20, 40, 0),
  (NULL, 33, 20, 0, 20, 40, 0),
  (NULL, 33, 20, 40, 20, 40, 0),
  (NULL, 34, 0, 0, 20, 40, 0),
  (NULL, 34, 0, 40, 20, 40, 0),
  (NULL, 34, 0, 80, 20, 40, 0),
  (NULL, 34, 20, 0, 20, 40, 0),
  (NULL, 34, 20, 40, 20, 40, 0),
  (NULL, 34, 20, 80, 20, 40, 0),
  (NULL, 35, 0, 0, 20, 40, 0),
  (NULL, 35, 0, 40, 20, 40, 0),
  (NULL, 35, 20, 0, 20, 40, 0),
  (NULL, 35, 20, 40, 20, 40, 0),
  (NULL, 36, 0, 0, 20, 40, 0),
  (NULL, 36, 0, 40, 20, 40, 0),
  (NULL, 36, 0, 80, 20, 40, 0),
  (NULL, 36, 20, 0, 20, 40, 0),
  (NULL, 36, 20, 40, 20, 40, 0),
  (NULL, 36, 20, 80, 20, 40, 0),
  (NULL, 37, 0, 0, 20, 40, 0),
  (NULL, 37, 0, 40, 20, 40, 0),
  (NULL, 37, 0, 80, 20, 40, 0),
  (NULL, 37, 20, 0, 20, 40, 0),
  (NULL, 37, 20, 40, 20, 40, 0),
  (NULL, 37, 20, 80, 20, 40, 0),
  (NULL, 38, 0, 0, 20, 40, 0),
  (NULL, 38, 0, 40, 20, 40, 0),
  (NULL, 38, 0, 80, 20, 40, 0),
  (NULL, 38, 20, 0, 20, 40, 0),
  (NULL, 38, 20, 40, 20, 40, 0),
  (NULL, 38, 20, 80, 20, 40, 0),
  (NULL, 39, 0, 0, 20, 40, 0),
  (NULL, 39, 0, 40, 20, 40, 0),
  (NULL, 39, 0, 80, 20, 40, 0),
  (NULL, 39, 20, 0, 20, 40, 0),
  (NULL, 39, 20, 40, 20, 40, 0),
  (NULL, 39, 20, 80, 20, 40, 0),
  (NULL, 40, 0, 0, 20, 40, 0),
  (NULL, 40, 0, 40, 20, 40, 0),
  (NULL, 40, 0, 80, 20, 40, 0),
  (NULL, 40, 20, 0, 20, 40, 0),
  (NULL, 40, 20, 40, 20, 40, 0),
  (NULL, 40, 20, 80, 20, 40, 0),
  (NULL, 41, 0, 0, 20, 40, 0),
  (NULL, 41, 0, 40, 20, 40, 0),
  (NULL, 41, 0, 80, 20, 40, 0),
  (NULL, 41, 20, 0, 20, 40, 0),
  (NULL, 41, 20, 40, 20, 40, 0),
  (NULL, 41, 20, 80, 20, 40, 0),
  (NULL, 42, 0, 0, 20, 40, 0),
  (NULL, 42, 0, 40, 20, 40, 0),
  (NULL, 42, 20, 0, 20, 40, 0),
  (NULL, 42, 20, 40, 20, 40, 0),
  (NULL, 43, 0, 0, 20, 40, 0),
  (NULL, 43, 0, 40, 20, 40, 0),
  (NULL, 43, 0, 80, 20, 40, 0),
  (NULL, 43, 20, 0, 20, 40, 0),
  (NULL, 43, 20, 40, 20, 40, 0),
  (NULL, 43, 20, 80, 20, 40, 0),
  (NULL, 44, 0, 0, 20, 40, 0),
  (NULL, 44, 0, 40, 20, 40, 0),
  (NULL, 44, 0, 80, 20, 40, 0),
  (NULL, 44, 20, 0, 20, 40, 0),
  (NULL, 44, 20, 40, 20, 40, 0),
  (NULL, 44, 20, 80, 20, 40, 0),
  (NULL, 45, 0, 0, 20, 40, 0),
  (NULL, 45, 0, 40, 20, 40, 0),
  (NULL, 45, 0, 80, 20, 40, 0),
  (NULL, 45, 20, 0, 20, 40, 0),
  (NULL, 45, 20, 40, 20, 40, 0),
  (NULL, 45, 20, 80, 20, 40, 0),
  (NULL, 46, 0, 0, 20, 40, 0),
  (NULL, 46, 0, 40, 20, 40, 0),
  (NULL, 46, 0, 80, 20, 40, 0),
  (NULL, 46, 20, 0, 20, 40, 0),
  (NULL, 46, 20, 40, 20, 40, 0),
  (NULL, 46, 20, 80, 20, 40, 0),
  (NULL, 47, 0, 0, 20, 40, 0),
  (NULL, 47, 0, 40, 20, 40, 0),
  (NULL, 47, 0, 80, 20, 40, 0),
  (NULL, 47, 20, 0, 20, 40, 0),
  (NULL, 47, 20, 40, 20, 40, 0),
  (NULL, 47, 20, 80, 20, 40, 0),
  (NULL, 48, 0, 0, 20, 40, 0),
  (NULL, 48, 0, 40, 20, 40, 0),
  (NULL, 48, 0, 80, 20, 40, 0),
  (NULL, 48, 20, 0, 20, 40, 0),
  (NULL, 48, 20, 40, 20, 40, 0),
  (NULL, 48, 20, 80, 20, 40, 0),

  (NULL, 0, 0, 0, 0, 0, 0);
